{"cameraMode":{"drawMode":0,"name":"Shaded","section":"Shading Mode"},"sceneLighting":true,"audioPlay":false,"sceneViewState":{"showFog":true,"showMaterialUpdate":true,"showSkybox":true,"showFlares":true,"showImageEffects":true,"showParticleSystems":true},"in2DMode":false,"pivot":{"x":-0.13495853543281556,"y":1.9599521160125733,"z":17.22970962524414},"rotation":{"x":0.1408253014087677,"y":0.014845406636595726,"z":-0.002114264527335763,"w":0.9899314641952515},"size":5.379918575286865,"orthographic":false}