{"cameraMode":{"drawMode":0,"name":"Shaded","section":"Shading Mode"},"sceneLighting":false,"audioPlay":false,"sceneViewState":{"showFog":true,"showMaterialUpdate":false,"showSkybox":true,"showFlares":true,"showImageEffects":true,"showParticleSystems":true},"in2DMode":false,"pivot":{"x":-9.278575897216797,"y":1.1509089469909669,"z":22.026548385620118},"rotation":{"x":0.017735136672854425,"y":0.9817827343940735,"z":-0.11719908565282822,"w":0.1486894190311432},"size":5.741444110870361,"orthographic":false}